,Symbol,Reward
0,A,-53284693.279996105
1,AA,-68057997.74000438
2,AAL,-39327203.36003224
3,AANNF,-396720.2748598494
4,AAON,-70513733.23000216
5,AAP,-38274268.7009978
6,AAPL,-77129322.49000004
7,AAXN,-41429519.19000083
8,AB,-70486765.88000266
9,ABBV,-13894036.183000559
10,ABC,-54870020.68000802
11,ABCB,-58254358.37000078
12,ABCL,-4749907.005043899
13,ABEV,-35977376.700465366
14,ABG,-45262055.16999823
15,ABIT,-5850662.478734527
16,ABM,-61801095.709999226
17,ABMD,-75155320.29999764
18,ABNB,-2547177.979350892
19,ABT,-68890885.15999132
20,ACA,-5664932.777651663
21,ACAD,-40270082.68045828
22,ACC,-31152793.589999992
23,ACCD,-5781299.380295343
24,ACGL,-56977330.72999635
25,ACHC,-67489137.9399888
26,ACI,-2488007.0338332336
27,ACIA,-5011226.240000008
28,ACIW,-63159473.219997175
29,ACLLF,-2053073.827292622
30,ACM,-31969845.18999946
31,ACN,-42990273.560002446
32,ACT,-1354300.759865182
33,ADBE,-77557831.99000718
34,ADC,-55420956.71000179
35,ADI,-73564117.88999087
36,ADM,-71584683.94998936
37,ADP,-66831166.41000608
38,ADPT,-6961333.597256032
39,ADS,-35985574.6299983
40,ADSK,-78007515.64999786
41,ADSW,-1918455.8799999983
42,ADT,-7740696.3441435825
43,AEE,-45248382.760137975
44,AEIS,-65043236.95999868
45,AEL,-37430980.630000524
46,AEM,-77918764.90000293
47,AEO,-68763718.47999632
48,AEP,-63261003.65000519
49,AES,-70871497.78999513
50,AEXAY,-6773452.51066707
51,AFC,-23936446.649999976
52,AFFS,-1340135.5918782
53,AFG,-67414175.97999452
54,AFL,-69374340.52999777
55,AFRM,-4109031.307963706
56,AFYA,-6794318.191615881
57,AG,-36904702.36009779
58,AGCO,-68749404.9000039
59,AGI,-26165026.490014642
60,AGIO,-19439742.619759243
61,AGL,-3896199.7641525106
62,AGNC,-22521039.510703124
63,AGNCM,-2845144.1884382674
64,AGNCN,-1535218.5600000015
65,AGO,-39156345.40000195
66,AGR,-7308166.071132821
67,AHCO,-6750758.326509595
68,AIG,-54990956.919997044
69,AILIH,22335.11000000896
70,AILLO,421542.160000005
71,AIMC,-30225225.980000317
72,AIT,-64193955.30000163
73,AIV,-54179065.46034838
74,AIZ,-34622367.83999822
75,AJG,-60956880.3900009
76,AJRD,-72539838.72999674
77,AKAM,-57284158.17999546
78,AL,-18516017.909715485
79,ALB,-60744892.80000474
80,ALC,-2603024.6882095328
81,ALE,-61911557.82000356
82,ALGM,-2865775.332248014
83,ALGN,-52539615.12000392
84,ALGT,-33002583.330718156
85,ALHC,-3764662.3268538197
86,ALIT,-3617505.1938437796
87,ALITF,1298710.2599999355
88,ALK,-72468891.06999837
89,ALKS,-77598814.25000075
90,ALL,-61225662.510009654
91,ALLE,-10719435.78921993
92,ALLK,-8654273.890159959
93,ALLO,-8025336.69086302
94,ALLY,-13710735.155059345
95,ALMFF,7269592.454932546
96,ALNPY,-5408856.727177625
97,ALNY,-39947554.51999792
98,ALRM,-12795942.163196737
99,ALSN,-16542239.031882552
100,ALTR,-7071958.933262633
101,ALV,-49295487.19000307
102,ALXN,-56352038.68999618
103,AM,-10474010.050914079
104,AMAT,-76735546.99000512
105,AMD,-77597883.68999876
106,AME,-68058972.32999338
107,AMED,-64293135.289994694
108,AMG,-51568973.34000608
109,AMGN,-71544323.85000251
110,AMH,-10760611.038398067
111,AMKR,-59212631.51999427
112,AMLYY,-2513336.3300000043
113,AMN,-45298132.68999824
114,AMP,-34040418.73999981
115,AMR,-2966493.8985216985
116,AMRC,-25825336.130170085
117,AMT,-56245292.490008295
118,AMWL,-4321394.492814918
119,AMX,-44097443.529960975
120,AMZN,-60189207.9399917
121,AN,-78117455.71001118
122,ANET,-12504879.907013565
123,ANGI,-23738261.159812167
124,ANSLY,-3881916.614760108
125,ANSS,-61431179.309999935
126,AOS,-64777554.14999353
127,APA,-71600282.38999878
128,APAJF,-12512741.768991899
129,APAM,-16027531.870764181
130,APD,-65427312.06999582
131,APELY,-88312.53639130008
132,APEMY,-5229893.309559
133,APG,-3186573.9130583396
134,APH,-67519073.21999179
135,API,-5788516.800123118
136,APLS,-10429117.370606048
137,APNHY,6016087.494987245
138,APO,-21243623.800000064
139,APP,-3511513.3810134977
140,APPF,-12285772.630000029
141,APPN,-10559122.16439813
142,APPS,-37000209.64001537
143,APYRF,-4051832.75342366
144,AQN,-11392754.408843817
145,AQUA,-7177060.939999992
146,ARCC,-38168803.129691005
147,ARCE,-5900780.37999999
148,ARE,-43196566.719999775
149,ARES,-13278907.53827392
150,ARGX,-6913971.009716713
151,ARLUF,6221608.378296626
152,ARMK,-11440385.673521062
153,ARNA,-46228031.55999985
154,ARNC,-2189847.119999999
155,ARRY,-49775076.92999474
156,ARW,-72165242.94000106
157,ARWR,-32798296.85000055
158,ASAN,-4542220.6152544115
159,ASB,-69965696.56000023
160,ASCCY,-3954333.948009065
161,ASGLY,-14163633.763792865
162,ASGN,-69967636.37999526
163,ASH,-70082074.38000943
164,ASMVY,-7333409.5059703505
165,ASND,-14459292.700000117
166,ASX,-47456632.149903856
167,ATCO,-32871023.580000058
168,ATH,-4091160.990000003
169,ATHM,-17927284.589174867
170,ATO,-64636926.43999822
171,ATR,-57172392.33999473
172,ATRRF,-195288.2500000005
173,ATUS,-8899305.895571034
174,ATVI,-67528998.80999197
175,AU,-51568402.53000079
176,AUB,-57431936.07000573
177,AUR,-3772631.9245630116
178,AUY,-41014337.350000285
179,AVA,-63082407.529833704
180,AVASF,595024.3699999999
181,AVB,-49347601.27000323
182,AVGO,-22441641.360311773
183,AVIFY,-47578403.32991902
184,AVLR,-3775733.689999997
185,AVNT,-54071763.01999956
186,AVT,-70734994.93000236
187,AVTR,-5126648.902418213
188,AVY,-68001257.83000976
189,AWI,-34115853.899999976
190,AWK,-23741570.31262332
191,AWR,-70047625.22999837
192,AWTRF,1168404.6399999247
193,AXON,-49031610.180002205
194,AXP,-71716789.89000276
195,AXS,-35713702.96946471
196,AXSM,-15034923.589999972
197,AXTA,-10823453.159753794
198,AY,-14523587.36218381
199,AYI,-42798121.46000094
200,AYX,-8820285.950000016
201,AZEK,-3462239.8594532777
202,AZO,-64294913.61999083
203,AZPN,-65496203.84000047
204,AZTA,-67046053.119992726
205,BA,-69871963.53999075
206,BABA,-11248935.768130787
207,BAC,-71492067.73000453
208,BAH,-18661787.278614584
209,BALL,-69217697.85000648
210,BAM,-61628808.609998904
211,BAND,-8077375.163193888
212,BAP,-52315626.470004044
213,BAX,-68786912.9206096
214,BB,-56875750.84998752
215,BBBY,-66868655.68999959
216,BBD,-42019911.05993001
217,BBIO,-7443182.177629612
218,BBSEY,-15555296.602872882
219,BBU,-8744408.27349101
220,BBWI,-76413740.93000636
221,BBY,-75102250.56999823
222,BC,-73870098.25000535
223,BCE,-63356990.50150578
224,BCH,-33650972.61066867
225,BCO,-56917093.93999638
226,BCPC,-64744754.510004416
227,BDOUY,-10604447.430900233
228,BDX,-64932796.84999287
229,BE,-9394089.888750993
230,BEAM,-6207741.999144013
231,BECN,-40039005.37000106
232,BEKE,-5110772.770793928
233,BEN,-69256633.99008453
234,BEP,-22667425.522597875
235,BEPC,-2644487.863829627
236,BEPTF,-14607069.261711866
237,BERY,-15379563.069604658
238,BFAM,-12417846.741205037
239,BG,-42312739.21000329
240,BGNE,-10871593.533947684
241,BHC,-64466312.18004764
242,BHF,-6247385.695095787
243,BHFAP,-3361266.9485710985
244,BHVN,-10581497.64364288
245,BIDU,-33782520.64068778
246,BIGC,-4863502.920029623
247,BIIB,-75912660.30000626
248,BILI,-8389001.355737347
249,BILL,-5216756.682423391
250,BIO,-64934815.790008925
251,BIP,-27382937.5198098
252,BIPC,-2944993.6775820344
253,BJ,-5386504.277066014
254,BK,-71302818.1700013
255,BKH,-63558490.38000657
256,BKI,-8555276.369999977
257,BKNG,-55278000.250006594
258,BKR,-73234020.60999848
259,BKU,-18998614.560483538
260,BL,-9181414.89398484
261,BLCO,-942217.9763024847
262,BLD,-10057205.670000123
263,BLDP,-62971241.19000108
264,BLDR,-39888865.44999961
265,BLI,-3112995.650000003
266,BLK,-42341453.930000715
267,BLKB,-35984584.370000646
268,BLL,-63912263.04000123
269,BLSFF,29401523.54954195
270,BLUE,-19162265.959907033
271,BMBL,-3396835.572023307
272,BMCH,-8992495.900000006
273,BMI,-60695932.05000583
274,BMRN,-54291177.230002806
275,BMY,-67525665.31995986
276,BNL,-1878729.4310029158
277,BNR,-6120508.905091933
278,BNS,-33774636.44827396
279,BNTX,-5424815.137906784
280,BOH,-66696625.20000571
281,BOKF,-63956672.02999659
282,BOKFL,-2272793.089999999
283,BOWL,-2533127.327922973
284,BOX,-14530631.076856798
285,BPMC,-15884207.379999902
286,BPOP,-65805207.69999388
287,BPY,-7465650.459999984
288,BR,-26724588.320000432
289,BRC,-67486538.44000094
290,BRDCY,-12162173.900729468
291,BRDG,-2253668.5002619047
292,BRKR,-55602730.86999613
293,BRKS,-60184509.149992704
294,BRLXF,1656786.0857452878
295,BRO,-63493254.43999692
296,BROS,-2248226.097236325
297,BRP,-4831592.038323752
298,BRTHY,1930338.8090983431
299,BRX,-12301405.708601376
300,BRZE,-2142855.105065001
301,BSEFY,-842376.800000181
302,BSX,-66409246.93000354
303,BSY,-3081333.097159867
304,BTG,-28985033.550122738
305,BTGOF,-4962299.351939475
306,BUD,-14760669.050021708
307,BUHPF,3714720.3690255815
308,BURL,-14333249.479378197
309,BWA,-60594857.560135715
310,BWXT,-20278714.034212735
311,BX,-34970065.14000047
312,BXP,-43541799.44967946
313,BXS,-61623241.8200009
314,BYD,-66838335.680004425
315,BYDGF,5362142.1527459305
316,BYND,-7168116.012329927
317,BZ,-3313295.841298989
318,BZUN,-15206044.790961698
319,C,-65021784.10000299
320,CABO,-4616591.8063172735
321,CACC,-70234744.1800045
322,CACI,-75189104.50000203
323,CAE,-45169682.32999205
324,CAG,-67958275.38996504
325,CAGDF,1542693.6899999455
326,CAH,-69819139.9100062
327,CAHPF,-8035546.330893226
328,CAJ,-51425104.59999998
329,CANO,-2824859.660000001
330,CAR,-73431401.70000671
331,CARG,-8548930.445470138
332,CARR,-2497284.2463826095
333,CASBF,-2178295.8546293387
334,CASY,-73360227.39000209
335,CAT,-68260198.48999524
336,CB,-60379312.76999809
337,CBB-PB,-5859049.5799999675
338,CBGPY,986903.9120413394
339,CBOE,-17382224.72820872
340,CBPO,-24694568.32999997
341,CBRE,-39773794.999997295
342,CBRL,-74027428.14999321
343,CBSH,-63567094.82000694
344,CBT,-65086517.14999575
345,CBU,-65856913.099995516
346,CC,-15480593.55076689
347,CCCS,-2560082.8735326417
348,CCI,-56630038.330008425
349,CCJ,-56126286.85999796
350,CCK,-70444489.66
351,CCL,-69817325.14998934
352,CCMP,-48007987.45999937
353,CCOI,-50775694.449993975
354,CCXI,-20868822.36999988
355,CD,-3802304.6600000015
356,CDAY,-5272263.090000001
357,CDK,-7032476.819999998
358,CDLX,-10243895.76557212
359,CDNA,-19312005.737076074
360,CDNS,-76272697.91000047
361,CDW,-11855696.409589887
362,CE,-35601414.54000005
363,CEG,-888338.0841748071
364,CENT,-70453880.1899993
365,CENTA,-36357291.42979108
366,CERE,-3211121.898544761
367,CERN,-71513395.69999838
368,CERT,-3004003.5044148364
369,CF,-37418421.38999977
370,CFG,-11635958.877005382
371,CFLT,-3693086.122324621
372,CFR,-71677038.11999501
373,CFX,-26724954.11000004
374,CG,-18462273.730339218
375,CGC,-16881126.349847756
376,CGEAF,1388736.0179114705
377,CGJTF,-4331987.869999813
378,CGNX,-79118563.90000653
379,CHD,-68823019.87000577
380,CHDN,-63976901.69999584
381,CHE,-67659621.66000274
382,CHEOY,-15619378.789334752
383,CHGG,-16713551.619850526
384,CHH,-56013688.050005555
385,CHK,-2291827.033403309
386,CHKP,-61351931.92999681
387,CHL,-38353167.870000094
388,CHNG,-2100871.959999999
389,CHPT,-6078634.3202310335
390,CHRD,-24330367.591967117
391,CHRW,-53931946.47999915
392,CHRYY,-8363701.103645615
393,CHT,-31689346.32742508
394,CHTR,-16910185.605052065
395,CHWY,-6013070.721709677
396,CI,-65480769.78999869
397,CIEN,-59728066.080001906
398,CIFAF,444258.6800000073
399,CIGI,-56261919.929994464
400,CIM,-32105245.580120206
401,CINF,-68529589.67000677
402,CIT,-16367706.240000019
403,CIVI,-18361309.46000017
404,CL,-65531869.7299942
405,CLBEY,-5041889.882192748
406,CLCGY,-18352035.749821674
407,CLDR,-3820832.2500000056
408,CLF,-65495035.06000084
409,CLGX,-65675505.57000577
410,CLH,-80186245.3399985
411,CLR,-32586075.809999656
412,CLVT,-5920679.086416717
413,CLX,-64889628.990004726
414,CMA,-66046523.11999768
415,CMC,-65275607.63000111
416,CMCSA,-74918861.4599993
417,CMD,-53489152.84999817
418,CME,-37882927.49000125
419,CMG,-28009806.998865474
420,CMI,-68036908.10000493
421,CMPR,-35491086.360000476
422,CMS,-67900619.97000444
423,CNA,-65255402.58999616
424,CNC,-43779077.97999909
425,CNHI,-13200112.313984757
426,CNM,-1842323.4194467072
427,CNMD,-77269284.25999671
428,CNNE,-7357500.352771665
429,CNO,-39532825.249999136
430,CNP,-65376010.19000093
431,CNS,-37869780.440000944
432,CNX,-52026034.99999639
433,CNXC,-2070169.8724893124
434,COF,-59112963.83999543
435,COG,-62246732.64000479
436,COHR,-72586295.13000911
437,COIHY,-5860800.868993417
438,COIN,-3085645.032365741
439,COKE,-71800142.02999708
440,COLB,-70159899.62999685
441,COLD,-5651181.907855147
442,COLM,-56350531.690004826
443,CONE,-10155159.529999966
444,COO,-79908653.30001293
445,COOP,-23221279.85999995
446,COP,-69773424.98999682
447,COR,-13042059.399999954
448,CORT,-43735527.32000267
449,COST,-73420235.9900064
450,COTY,-16996126.999202114
451,COUP,-7501489.830000001
452,CPB,-68206915.970002
453,CPKPY,-60830839.31000277
454,CPNG,-3248951.6512878374
455,CPRI,-19949737.43176683
456,CPRT,-65570033.859996416
457,CPT,-53525541.41999612
458,CQP,-35072679.10999898
459,CR,-69976002.8200015
460,CRC,-2993107.1810047966
461,CRCT,-3758498.144472273
462,CREE,-64295124.77000502
463,CRGY,-1769496.3431682328
464,CRI,-36375797.25038143
465,CRL,-46296324.22999799
466,CRM,-38033276.38999961
467,CRON,-9486451.42902456
468,CROX,-37410129.89000198
469,CRSP,-11204357.01751737
470,CRSR,-3503879.176612263
471,CRUS,-79540880.99000338
472,CRWD,-5604524.826284757
473,CSCO,-74049518.98999298
474,CSGP,-57160651.15999728
475,CSIQ,-38800776.88011374
476,CSL,-62199982.69000828
477,CSLLY,-15876708.823835481
478,CSOD,-15068030.750000022
479,CSPCY,-4710189.98255276
480,CSQ,-30532620.31947655
481,CSX,-69094737.62999305
482,CSXXY,-6836928.05237018
483,CTAS,-73308896.05999564
484,CTKB,-3077477.234474513
485,CTLT,-13098381.120337259
486,CTSH,-58887533.70000108
487,CTVA,-4133478.4955847175
488,CTXS,-60128355.13000484
489,CUBE,-36993365.07022982
490,CUK,-37606774.02036347
491,CURLF,-8846777.149428168
492,CUZ,-67615276.16998932
493,CVBF,-62269805.70999916
494,CVE,-24477522.690386266
495,CVET,-3937136.0299999914
496,CVNA,-11107842.540226992
497,CVS,-68880548.72000074
498,CVT,-1576866.1000000013
499,CVX,-64475408.680000976
500,CW,-59092443.48999179
501,CWAN,-2011219.8357726303
502,CWEN,-11498756.50880797
503,CWEN-A,-16273252.522004565
504,CWH,-10851631.870745577
505,CWST,-58051964.59000202
506,CWT,-73215570.02000009
507,CXM,-3042617.4012625567
508,CXO,-23411748.66999999
509,CYBR,-52166147.219999276
510,CYGIY,11738927.59999997
511,CZR,-23111336.88263681
512,CZZ,-25047457.990000032
513,D,-60934083.45021999
514,DADA,-5287579.623703023
515,DAL,-36541185.86999957
516,DAN,-35901136.61989202
517,DAO,-6879949.506138463
518,DAR,-60686462.22000369
519,DASH,-3593531.041845396
520,DBRG,-15282838.790871
521,DBX,-6701683.981154872
522,DCI,-64951478.07999455
523,DCP,-32430456.92000019
524,DCPH,-8332688.73942197
525,DCT,-1753501.9600000018
526,DCUE,-553919.5699999994
527,DD,-68422639.33999075
528,DDOG,-5474431.502698617
529,DE,-70848414.09999979
530,DECK,-70752891.69000135
531,DEI,-34415667.810610525
532,DELL,-7215455.056290576
533,DFS,-33040193.800000288
534,DG,-19465569.068034317
535,DGX,-49390858.909998566
536,DHI,-70842472.99000235
537,DHR,-65453748.68999936
538,DIISY,-3804533.8899999955
539,DINO,-59905771.72000003
540,DIOD,-75363294.18000118
541,DIS,-68291183.51998894
542,DISH,-63292523.850004256
543,DITHF,9518.17119115669
544,DKNG,-5927557.397383705
545,DKS,-40085293.310002126
546,DLB,-33402357.46017848
547,DLGNF,3550422.4599999962
548,DLMAF,2302379.0559356282
549,DLO,-3454810.007463633
550,DLR,-33452969.010000747
551,DLTR,-63557770.229990035
552,DLVHF,34615.88943183782
553,DNA,-4989665.319362767
554,DNB,-3444430.089604781
555,DNKN,-10130765.529999988
556,DNLI,-9608149.628373925
557,DNP,-66311742.74002257
558,DNUT,-1826192.9082382075
559,DOCN,-3023885.005828414
560,DOCS,-2840838.060855425
561,DOCU,-7112871.170530385
562,DOOO,-6237632.311679239
563,DOOR,-16756494.64010983
564,DORM,-76107368.64000005
565,DOV,-66588085.53999725
566,DOW,-4318265.241330422
567,DOX,-53611404.919999495
568,DOYU,-6544663.894208882
569,DPZ,-37403829.89999878
570,DQ,-29386062.440353274
571,DRE,-67909613.62999208
572,DRI,-60498264.360006094
573,DRVN,-2863761.0058267093
574,DSCSY,-3692660.5330293193
575,DSGX,-57564015.39000184
576,DT,-5070851.668425934
577,DTCWY,-1347686.7390313
578,DTE,-62135083.18999262
579,DTM,-1277266.548014983
580,DTQ,-4592867.40000001
581,DUK,-63060582.11000306
582,DUOL,-2174285.8664971963
583,DV,-2809562.5256871628
584,DVA,-60159436.43999529
585,DVN,-69066410.58999793
586,DXC,-69516892.87020971
587,DXCM,-40513023.27999715
588,DY,-77687134.97000541
589,EA,-75519038.04000282
590,EAT,-70328790.72999668
591,EBAY,-58272588.38999459
592,EBC,-2406290.547036936
593,EBCOY,-5686242.415214471
594,EBS,-36133046.34001229
595,ECL,-66835578.9499998
596,ED,-64899543.4600033
597,EDIT,-13976952.076772321
598,EDR,-3058967.8598877797
599,EDU,-33687900.59000015
600,EDVMF,-38791381.679998584
601,EE,-1296258.068357769
602,EEFT,-61965701.12998953
603,EFX,-72007775.74000932
604,EGHSF,1560801.8374198747
605,EGO,-44704905.95000082
606,EGP,-60104564.97000295
607,EHC,-73449909.21999788
608,EIDX,-2231181.970000001
609,EIX,-67842326.8099896
610,EL,-54925989.63999355
611,ELAN,-6197985.646751887
612,ELEEF,-3724840.7999999616
613,ELS,-56799075.079999015
614,ELV,-39652982.71999834
615,EME,-57469714.76000907
616,EMLAF,1340201.2352104
617,EMN,-59463229.099993266
618,EMR,-65862056.450001374
619,EMRAF,-4265268.257872285
620,ENB,-48354887.92047691
621,ENBL,-11025579.130000021
622,ENOV,-30084787.540055048
623,ENPH,-25126384.9199995
624,ENR,-11812519.034776526
625,ENS,-37683461.479999535
626,ENSG,-29780559.53999974
627,ENTG,-53448673.26999922
628,ENV,-22772493.81451398
629,ENVX,-4550719.204106649
630,EOG,-70523056.5600044
631,EOGSF,103857277.1091579
632,EPAM,-16227986.799305186
633,EPD,-46497978.040035866
634,EPR-PG,-4152679.4415376107
635,EQC,-70110082.29988825
636,EQH,-5892480.20374712
637,EQIX,-53879852.06999335
638,EQR,-55822854.88000032
639,EQRX,-2380481.119999997
640,EQT,-66893247.280000255
641,EQUEY,8975942.545484144
642,EQX,-7062802.961221822
643,ERIC,-69402684.33005805
644,ERIE,-59567873.520001
645,ERRAF,-721200.0599999984
646,ES,-66934771.870001614
647,ESAB,-681525.1601150528
648,ESE,-70194803.37001073
649,ESGFF,498170.51000000257
650,ESGR,-46538512.96999857
651,ESI,-16328042.631300317
652,ESLT,-50463344.97999382
653,ESMT,-1291928.2400000007
654,ESNT,-12981667.167273501
655,ET,-31216435.450042453
656,ETN,-68193619.62999842
657,ETR,-62736425.720002316
658,ETRN,-7814703.019847252
659,ETSY,-13684516.914483711
660,ETWO,-4674707.120092281
661,EUZOF,3355372.24999998
662,EV,-64168465.2199952
663,EVBG,-10006001.218316166
664,EVCM,-2679999.457532849
665,EVEX,-1179553.4876345661
666,EVGO,-4682324.463895132
667,EVO,-33225077.51875246
668,EVR,-34488557.74999959
669,EVRG,-61555362.16000266
670,EVTC,-15818929.981176121
671,EVTL,-4022538.3349531884
672,EW,-46682492.4400429
673,EWBC,-49431236.349999934
674,EXAS,-51986416.739998996
675,EXC,-65323538.91018915
676,EXEL,-54953642.47999945
677,EXLS,-35141308.699922346
678,EXP,-56556347.15999996
679,EXPD,-72076576.56999628
680,EXPE,-35138424.850000404
681,EXPI,-14217958.673243053
682,EXPO,-78446201.44999291
683,EXR,-36918579.15000132
684,EYE,-9040856.21402831
685,F,-72194747.25999807
686,FA,-2415211.151636525
687,FAF,-19123801.478821725
688,FANG,-18167474.21000009
689,FAST,-76354133.34000395
690,FATE,-21580200.67988325
691,FB,-11173929.459999997
692,FBHS,-14097409.860000014
693,FCFS,-73891262.1000041
694,FCN,-61558638.31999882
695,FCNCA,-61598227.480009265
696,FCNCB,1816229.9500000374
697,FCX,-60020503.72999707
698,FDS,-55192952.060005285
699,FDX,-67705516.71998899
700,FE,-48208057.16011863
701,FELE,-67376479.32000546
702,FEYE,-12550919.86000003
703,FFIN,-59962173.43999975
704,FFIV,-57681239.90000357
705,FGEN,-17354893.158820804
706,FHAI,-6991880.880000013
707,FHB,-13930120.497502113
708,FHI,-51410909.179998696
709,FHN,-66429416.639998056
710,FIBK,-22767608.639353313
711,FICO,-68523988.30999997
712,FINGF,-8949734.849118356
713,FIS,-40130072.26946116
714,FISV,-70164174.4599999
715,FITB,-68828642.6399987
716,FIVE,-17295529.509960994
717,FIVN,-15885578.621114176
718,FIX,-55756139.669999324
719,FIZZ,-70830943.01000005
720,FL,-73721711.29000016
721,FLEX,-6567932.6603692835
722,FLIR,-60946192.47999889
723,FLO,-70999849.05999847
724,FLS,-70896385.77000448
725,FLT,-16161092.39999984
726,FLYW,-2890485.2159154993
727,FMC,-67468802.02999328
728,FMCC,-70958362.70000097
729,FMTX,-2069147.9499999979
730,FN,-25014721.190000374
731,FNB,-80092329.73999527
732,FND,-9191900.982988605
733,FNF,-35922989.41035898
734,FNMA,-69199630.75000186
735,FNV,-27879569.139999814
736,FOCS,-5414555.22
737,FOLD,-37253380.19000071
738,FORM,-43957538.3000037
739,FOUR,-4374373.329035363
740,FOX,-4639917.669690749
741,FOXA,-5139407.215165864
742,FOXF,-15141886.74839211
743,FQVLF,-22374832.024671577
744,FR,-58707288.000000946
745,FRC,-15607805.04999999
746,FRFHF,-30197534.390000753
747,FROG,-4256653.670449382
748,FRPT,-15642728.209999938
749,FRSH,-2796143.4405653905
750,FRT,-66366307.540000044
751,FSK,-12221913.492482107
752,FSLR,-34624927.2999991
753,FSLY,-7585368.348184915
754,FSR,-6267908.702972137
755,FSV,-8349327.630296628
756,FTCH,-7084014.899999994
757,FTDR,-6677627.898166655
758,FTNT,-24409976.531880908
759,FTS,-7026555.5832875725
760,FTV,-6261995.5910488805
761,FUL,-72634992.41000697
762,FUPBY,-5935348.008355597
763,FUTU,-6542771.526986969
764,FVRR,-6603395.013639653
765,FWONA,-14313336.467850698
766,FWONK,-12811935.787230883
767,FYBR,-2284054.93323052
768,FYRTY,444280.6399999636
769,G,-28707062.18022271
770,GATX,-66178856.16999367
771,GBCI,-69141286.77999909
772,GBDC,-19439244.348224662
773,GBNXF,-3276063.5400550156
774,GBT,24252908.629999697
775,GBTG,-871902.280027619
776,GD,-67180467.10000329
777,GDDY,-10783751.224079894
778,GDOT,-24561274.89941605
779,GDRX,-4338391.996313106
780,GDS,-12429866.515168013
781,GE,-67220854.82999809
782,GEF,-55161634.96999941
783,GETY,-2903059.4199490002
784,GFI,-72181482.43999614
785,GFL,-3306887.0896766502
786,GFS,-1795213.317443228
787,GGAL,-54842583.63999657
788,GGG,-64732173.77000183
789,GH,-7141647.271782107
790,GHC,-49650717.95999562
791,GIB,-51253786.1300032
792,GIL,-46061073.15000003
793,GILD,-74233234.62999153
794,GIS,-64419108.18999918
795,GKOS,-13718049.61930477
796,GL,-66722548.04999234
797,GLBE,-3376347.1807000153
798,GLIBA,-886574.4499999954
799,GLIBB,109118.8500000016
800,GLIBP,-626792.9800000049
801,GLPG,-10361640.04963099
802,GLPI,-13106399.029928071
803,GLW,-72641795.64000107
804,GM,-19961159.13071856
805,GMED,-16171533.89882238
806,GNHAF,14861417.510000015
807,GNNSF,-1009193.1418043921
808,GNRC,-23201444.04000015
809,GNTX,-78068865.77999172
810,GNW,-39946843.72999983
811,GO,-5347163.337843438
812,GOCO,-3030796.3142364887
813,GOLD,-44339109.710192256
814,GOLF,-7502784.475791914
815,GOOG,-25103129.524536222
816,GPC,-64431892.430000596
817,GPI,-55366623.16999792
818,GPK,-68698182.42999767
819,GPN,-43346363.470003195
820,GPS,-73337713.37999612
821,GRA,-64370663.04999385
822,GRAB,-4374930.504883867
823,GRFS,-18935928.059229575
824,GRMN,-46587100.38000176
825,GRUB,-10797658.429999998
826,GS,-47415929.409994654
827,GSEFF,-660955.8182696602
828,GSHD,-7297114.969839542
829,GSHN,-29032.47999999967
830,GSK,-67433199.8200016
831,GSX,-791458.1800000017
832,GT,-72782905.09000553
833,GTBIF,-9340233.93301587
834,GTLB,-2240929.722628326
835,GTLS,-36181808.189998165
836,GTMEY,-1628361.470000008
837,GWPH,-11719278.680000022
838,GWRE,-18016646.900374077
839,GWW,-66818951.339998886
840,GXO,-2387641.7305950928
841,H,-21278815.080000136
842,HAE,-69755071.29999745
843,HAIN,-68050395.79012804
844,HAL,-73226824.2099906
845,HALO,-44034669.80999818
846,HAS,-67372238.47000909
847,HASI,-14414492.860597784
848,HAYW,-3007626.9486784628
849,HBAN,-70200316.57999735
850,HBI,-34449727.139601134
851,HCA,-19303446.380000055
852,HCM,-12379804.060728263
853,HCP,-2566599.3309454513
854,HCXLF,427726.9600000023
855,HD,-69459986.30000079
856,HDB,-40604487.69987748
857,HDS,-5981941.520000001
858,HE,-62739110.76989909
859,HEI,-61425638.42999549
860,HELE,-74632006.08999695
861,HES,-68233317.79000263
862,HFC,-53317750.76000094
863,HGTY,-2488527.6349243447
864,HHC,-18197926.19999996
865,HI,-23953558.450871803
866,HIG,-54414551.75000058
867,HII,-15653135.000000132
868,HINOY,2311324.1799999718
869,HIW,-55494181.52992494
870,HKD,-1634388.3486841859
871,HKIB,-1878997.799999999
872,HL,-77223570.46999833
873,HLF,-34274824.689710446
874,HLFFF,1853756.2906770483
875,HLI,-9346505.08176823
876,HLNE,-8593987.298147574
877,HLT,-12234516.578934232
878,HMC,-57372942.70020559
879,HMSY,-62266526.360005945
880,HNP,-47232692.28999978
881,HOG,-71494029.21998943
882,HOLX,-80962255.73001698
883,HOMB,-32734543.92992448
884,HON,-69737163.17000389
885,HOOD,-2826349.5404848396
886,HPE,-8993755.425834386
887,HPHTY,202708.03999999294
888,HPK,-5732055.332908408
889,HPP,-19535496.85923162
890,HPQ,-73271390.1099968
891,HQY,-14444787.900805704
892,HRB,-69613962.89000343
893,HRC,-59700869.539998844
894,HRL,-67545833.65985984
895,HRMY,-3579117.683292296
896,HSIC,-61142724.46000759
897,HST,-73781415.25000103
898,HSY,-65682452.329993635
899,HUBB,-62924821.57000475
900,HUBS,-13131075.240000209
901,HUM,-73211226.33998679
902,HUN,-36158230.38025338
903,HUSKF,-17642766.359999955
904,HUYA,-9352288.172238415
905,HWC,-24264961.220884062
906,HWCPL,-1097476.0899999982
907,HWM,-9758945.031283807
908,HXL,-76139804.30000274
909,HYLN,-7038841.016650543
910,HYPOF,-181926.88000000085
911,HYSNY,-4575271.75976117
912,HZNP,-21996178.830000635
913,IAA,-2582497.3600000096
914,IAC,-67025541.71000589
915,IART,-66472291.3900067
916,IBKR,-31789680.26000072
917,IBM,-68072655.90999238
918,IBN,-50742992.71999921
919,IBP,-13735497.65000015
920,IBRX,-17748231.824990585
921,IBTX,-15846974.989298606
922,ICE,-35076550.84000075
923,ICL,-16939900.368775465
924,ICLR,-56470942.57999766
925,ICUI,-72400760.90000324
926,IDA,-61352077.939999335
927,IDEXY,-14166119.563856352
928,IDRSF,-2534046.932558889
929,IDXX,-72500140.98000038
930,IEP,-67715950.8499153
931,IEX,-60693389.01999261
932,IFCZF,4463444.180452354
933,IFF,-66094590.00999948
934,IFS,-6276127.154077499
935,IHG,-35818842.31000043
936,IIPR,-8562522.56226926
937,IIVI,-72133928.68000185
938,ILMN,-54041666.29000789
939,IMAB,-6372840.66103713
940,IMMU,-71857778.39001037
941,IMO,-63001186.509997286
942,IMVT,-5982879.966231873
943,INCY,-68236855.08000441
944,INCZY,-15081239.623100486
945,INFA,-1569487.8702112515
946,INFO,-5706455.729999977
947,INFY,-54407515.499910295
948,INGR,-50412676.27000007
949,INGXF,-9641905.81153206
950,INOV,-8138577.559999987
951,INSM,-55527469.140005246
952,INSP,-8555408.265094252
953,INST,-2119256.224386285
954,INTC,-74939555.32999945
955,INTU,-67369554.44999333
956,INVH,-6277901.132264402
957,IONS,-75934718.4900072
958,IOT,-1896663.4015367918
959,IOVA,-27490638.840004932
960,IP,-70173282.96999395
961,IPG,-69601093.89000504
962,IPGP,-32182167.400000595
963,IPHI,-17489634.689999953
964,IPPLF,-3847330.5499999896
965,IPXHY,-15905521.13085618
966,IQ,-9971493.888128273
967,IQV,-12590350.936096817
968,IR,-8094132.159427809
969,IRBT,-37199709.20984343
970,IRDM,-28574534.469802283
971,IRM,-55498956.750000596
972,IRTC,-9560915.410647538
973,IS,-1103924.879999999
974,ISBC,-26914935.080000058
975,ISRG,-49762758.560006395
976,IT,-66768256.01999354
977,ITCI,-19739054.02999995
978,ITGR,-46826462.24000161
979,ITRI,-67854750.9199897
980,ITRO,-36059556.2099994
981,ITT,-55867194.559994414
982,ITW,-66949848.7300054
983,IVZ,-52551572.09002383
984,IX,-31242465.908897825
985,J,-70573662.42999312
986,JAMF,-4025952.6719933082
987,JAZZ,-36493154.200000785
988,JBGS,-7322084.011234276
989,JBHT,-74034394.80000213
990,JBL,-71077299.27999803
991,JBLU,-45959014.96989251
992,JBT,-30076189.570960335
993,JCI,-68752916.72999771
994,JCOM,-51428372.99000387
995,JD,-15137151.480415447
996,JDSPY,-2400802.587047092
997,JEF,-63786591.0799983
998,JELD,-9730852.759937404
999,JHG,-6895932.337990727
1000,JHX,-28444592.67903172
1001,JJSF,-75413185.24001396
1002,JKHY,-74082726.6000025
1003,JKS,-29520928.169973288
1004,JLL,-52250409.62000375
1005,JNJ,-63854861.329996936
1006,JNPR,-56844008.7100027
1007,JOBS,-34969463.51999898
1008,JOBY,-4011000.573223826
1009,JPM,-70445913.0400099
1010,JSM,-35499483.423347354
1011,JWN,-75439823.23000711
1012,JXHLY,-5041104.66678793
1013,JXN,-1785113.1367211998
1014,K,-66812381.299998514
1015,KAOOY,-28513037.52108886
1016,KB,-40216976.34070261
1017,KBH,-76174415.66000083
1018,KBR,-33314038.01000041
1019,KC,-5694017.629754703
1020,KD,-1875815.9124153191
1021,KDP,-22453778.10018482
1022,KEP,-57009277.689811036
1023,KEX,-67438634.17000411
1024,KEY,-67730905.56000362
1025,KEYS,-10341454.8022637
1026,KGC,-80629328.78001055
1027,KHC,-9833451.927607255
1028,KIM,-56435652.72006467
1029,KKR,-21092444.639475152
1030,KL,-4425198.239999995
1031,KLAC,-76191398.32000756
1032,KMB,-65150027.13999353
1033,KMI,-17188820.49847711
1034,KMPR,-67158471.45999454
1035,KMT,-69442136.85988538
1036,KMX,-60403461.67000627
1037,KNBE,-1019528.7199999983
1038,KNSL,-7229334.8618139345
1039,KNX,-61668739.37000076
1040,KO,-68633292.00000198
1041,KOD,-8506992.469488112
1042,KOF,-64728676.80999445
1043,KR,-71493280.6499981
1044,KRC,-51142211.04979828
1045,KRNT,-14870644.114485221
1046,KRTX,-6281046.179999977
1047,KSFTF,95572.63999997682
1048,KSS,-61964449.32993514
1049,KSU,-60495336.15000078
1050,KT,-46723124.43962094
1051,KTOS,-54713695.78999604
1052,KW,-21923034.560339835
1053,KWR,-74979134.40999375
1054,L,-63936654.9800019
1055,LAD,-55592796.89000616
1056,LAMR,-60063848.00000099
1057,LANC,-71415428.81000464
1058,LAUR,-9444065.286992569
1059,LAZ,-37060283.409999594
1060,LAZR,-5537569.970151189
1061,LB,-67403021.10000263
1062,LCID,-4735781.189499154
1063,LCII,-73383200.04999617
1064,LDOS,-28700917.85999988
1065,LEA,-22104450.72061155
1066,LECO,-62942194.54999392
1067,LEG,-66902993.69982814
1068,LEGN,-3924212.6746243215
1069,LEN,-68582057.9700014
1070,LESL,-3497593.068871088
1071,LEVI,-5290419.496663863
1072,LFG,-881346.4099999993
1073,LFST,-3347932.1136252647
1074,LFUS,-66259183.50001188
1075,LGIH,-17275874.660526883
1076,LH,-75679987.18000574
1077,LHCG,-32042015.140000835
1078,LHX,-67830558.02999447
1079,LI,-4523749.522192904
1080,LII,-47809948.99999772
1081,LILA,-12893046.07056616
1082,LILAK,-11978988.29306414
1083,LITE,-13313435.914005058
1084,LIVN,-10358196.101170251
1085,LKQ,-39170001.03041756
1086,LLY,-68965828.02999914
1087,LMND,-5101715.663491668
1088,LMT,-65599573.469995245
1089,LN,-1854911.6999999955
1090,LNC,-68377201.26999769
1091,LNG,-66113583.46999365
1092,LNT,-65150846.3099956
1093,LNW,-78339683.22000106
1094,LOPE,-26724347.299999904
1095,LOW,-71535118.96999946
1096,LPL,-35895291.8606956
1097,LPLA,-19294827.830000363
1098,LPRO,-5045968.268101454
1099,LPSN,-57724298.86003262
1100,LPX,-73107730.12999432
1101,LRCX,-76743560.85998738
1102,LSCC,-79217558.85001116
1103,LSI,-50255547.56999969
1104,LSPD,-4317846.428487131
1105,LSTR,-65892516.64999876
1106,LU,-4583868.788515427
1107,LULU,-32407345.21999756
1108,LUMN,-3782849.5524281715
1109,LUV,-74238769.49000198
1110,LVGO,-225354.7099999995
1111,LVS,-39125954.09998761
1112,LW,-6592462.726493376
1113,LYFT,-7571900.752418608
1114,LYG,-40504518.91948734
1115,LYV,-38474045.98999942
1116,M,-67959003.3500021
1117,MA,-32345098.289998814
1118,MAA,-51873305.87999429
1119,MAIN,-30431038.560283136
1120,MAN,-69798414.07999839
1121,MANH,-59774521.04999414
1122,MANT,-39928574.24999861
1123,MAQAF,515457.90623752726
1124,MAR,-59431205.87000018
1125,MAS,-69747152.89000545
1126,MASI,-28601044.640623983
1127,MAT,-73261564.9099923
1128,MATX,-74598978.47998807
1129,MC,-12801686.15949183
1130,MCARY,-3236224.4039892647
1131,MCD,-67457178.37999344
1132,MCFE,-107840.93999999983
1133,MCHP,-69733605.73999912
1134,MCK,-55867320.2299952
1135,MCO,-56155332.60999237
1136,MCRB,-16279444.838028936
1137,MCRPF,1592809.4600000198
1138,MCW,-2160983.761139118
1139,MCY,-67139009.3300025
1140,MDB,-8426846.578850007
1141,MDC,-77389532.00999334
1142,MDEVF,-11395730.991699578
1143,MDGL,-35728570.02999952
1144,MDLA,-1468333.8600000022
1145,MDLZ,-37271048.97099855
1146,MDT,-69352863.72000791
1147,MDU,-63584656.63999904
1148,MEDP,-9539884.110000057
1149,MELI,-34209901.45000018
1150,MEOH,-68045097.989998
1151,MET,-45516289.12999832
1152,META,-15130228.649999928
1153,MFC,-45930053.40000068
1154,MFG,-29529783.430945806
1155,MFO,-3738746.599999999
1156,MGA,-73563919.58000171
1157,MGEE,-70434900.8600079
1158,MGM,-71932694.56000583
1159,MGP,-4252689.269999999
1160,MHK,-68011645.00001273
1161,MICLF,1738217.3029641965
1162,MIDD,-75797542.90999614
1163,MIME,-6120140.459999996
1164,MKC,-70789624.33999817
1165,MKL,-58145880.66999517
1166,MKSI,-55976987.96000121
1167,MKTX,-39511772.540001415
1168,MLHR,-64997022.24999328
1169,MLM,-57351848.430000745
1170,MMC,-65818219.399999335
1171,MMM,-63649605.31999815
1172,MMP,-37771115.939999655
1173,MMS,-54493315.409993686
1174,MMSI,-80108044.10000168
1175,MMYT,-26496296.11999951
1176,MNDY,-2591011.7584997453
1177,MNST,-82514169.23001449
1178,MNTK,-3692463.895359504
1179,MO,-66268728.050001144
1180,MOH,-40165489.15999801
1181,MOMO,-18787651.140276212
1182,MOR,-5850386.912063165
1183,MORN,-33894238.30000082
1184,MOS,-69136059.54000011
1185,MP,-4899367.417312107
1186,MPC,-19863816.93000018
1187,MPLN,-4367404.188035123
1188,MPLX,-19269716.93907992
1189,MPW,-37892840.35988187
1190,MPWR,-39652866.55999916
1191,MQ,-3543282.765236714
1192,MRCY,-58293956.88000517
1193,MRK,-66547750.68999678
1194,MRNA,-6970036.034593778
1195,MRO,-71813696.49999788
1196,MRTX,-18919066.259999923
1197,MRVI,-4055122.6143357293
1198,MRVL,-52776355.250001155
1199,MS,-64124355.959999315
1200,MSA,-65084330.530009024
1201,MSCI,-27015784.720001746
1202,MSFT,-72661537.94000065
1203,MSGS,-8218193.152717962
1204,MSI,-71590814.55000454
1205,MSM,-60173637.12999664
1206,MSP,-361791.42000000336
1207,MT,-57976240.850045316
1208,MTB,-52448957.57999988
1209,MTCH,-11118020.54960893
1210,MTD,-50208582.89000003
1211,MTG,-65783261.179993905
1212,MTH,-77032772.93999964
1213,MTLS,-16307545.049799256
1214,MTN,-53613515.24999723
1215,MTRAF,900841.7003476459
1216,MTSI,-21058491.63999971
1217,MTZ,-79946993.79998705
1218,MU,-76867522.43999727
1219,MUFG,-42899294.649764314
1220,MUR,-65741901.97000132
1221,MUSA,-13260745.690000031
1222,MXIM,-66707117.23999903
1223,MXL,-26389754.130430404
1224,MYL,-66399319.55000019
1225,NARI,-4255975.559847546
1226,NATI,-59276144.18000459
1227,NAV,-69690665.25000311
1228,NBIX,-62996609.069998235
1229,NCLH,-17229943.13990844
1230,NCNO,-4407986.76478769
1231,NCR,-55082821.450000934
1232,NDAQ,-43532553.60000369
1233,NDSN,-69767978.22998673
1234,NE,-2408536.078667751
1235,NEE,-61782395.850175366
1236,NEM,-69728250.45999862
1237,NEO,-43522393.870000996
1238,NEOG,-80646907.41998878
1239,NET,-5875824.007724944
1240,NEU,-71569033.20999166
1241,NEWR,-12098598.960000005
1242,NFE,-7810873.525169031
1243,NFG,-62802619.03000308
1244,NFLX,-45283047.41999979
1245,NG,-42533965.77004881
1246,NGHC,-5760581.640000012
1247,NGHCN,-1767429.9900000028
1248,NGHCO,-2338789.5300000003
1249,NGHCP,-2868935.7699999693
1250,NGHCZ,-1622177.530000008
1251,NGVT,-9547454.100318812
1252,NHI,-60225955.90999838
1253,NI,-61433878.11000062
1254,NICE,-61263880.89999324
1255,NIO,-9278059.511189798
1256,NIU,-8821440.889258126
1257,NJR,-62064051.53000142
1258,NKE,-72708011.9099986
1259,NKLA,-6177762.279866754
1260,NKTR,-66541174.91001132
1261,NLOK,-73774717.39999935
1262,NLY,-51616933.54978568
1263,NMIH,-9681651.249999993
1264,NMK-PC,-3387291.0699999924
1265,NMR,-41600272.959870316
1266,NNI,-38137437.7199979
1267,NNN,-67813088.68999831
1268,NNN-PF,-1936743.340000007
1269,NOC,-66336250.479999945
1270,NOMD,-12983073.358393645
1271,NOV,-59885385.37000147
1272,NOVA,-5922498.596584796
1273,NOVT,-56039956.28000657
1274,NOW,-16798560.720000353
1275,NPIFF,-5826982.856950521
1276,NPSKY,-18999385.541843776
1277,NRG,-36188271.93999888
1278,NSA-PA,-3987908.137238841
1279,NSC,-65379851.06000871
1280,NSIT,-65710532.690000094
1281,NSP,-58745321.250004284
1282,NTAP,-63609043.450008534
1283,NTES,-51259882.50000539
1284,NTNX,-10747680.9734842
1285,NTR,-5577325.370687282
1286,NTRA,-13731297.890245035
1287,NTRS,-67414350.03999057
1288,NU,-1474151.6096148381
1289,NUAN,-60925655.5299916
1290,NUE,-68460631.28999968
1291,NUVA,-36907515.00999982
1292,NVAX,-65983437.9500001
1293,NVCR,-13304105.98596874
1294,NVDA,-56447196.67999927
1295,NVEI,-3592734.1433859384
1296,NVR,-77140724.39998908
1297,NVRO,-14603244.390616212
1298,NVST,-4655077.312793798
1299,NVT,-6788243.317327267
1300,NWE,-2478675.2510342384
1301,NWL,-70069163.61995575
1302,NWS,-14419057.49852676
1303,NWSA,-14056493.596723806
1304,NWSZF,1037497.1300000192
1305,NXST,-44748391.27000211
1306,NYCB,-58562447.27003116
1307,NYT,-71189806.96000631
1308,O,-55489797.369996235
1309,OC,-34161186.469999254
1310,OCFT,-6378444.794310515
1311,ODFL,-67275383.9900051
1312,OGE,-62476522.93999872
1313,OGN,-1969454.900285259
1314,OGS,-11016761.109161215
1315,OHI,-63245956.09999799
1316,OKE,-68859854.34999919
1317,OKTA,-9351742.928543957
1318,OLED,-64391605.700011194
1319,OLLI,-11212812.147528935
1320,OLN,-67351563.57000038
1321,OLPX,-2742756.892551477
1322,OM,-4747939.631547717
1323,OMC,-63799683.68999607
1324,OMCL,-49084725.19001526
1325,OMF,-15374590.130727258
1326,OMRNY,-21033879.774867415
1327,ON,-54864013.94000764
1328,ONB,-62892670.5499989
1329,ONEM,-2534643.590000001
1330,ONEXF,-11144139.056611663
1331,OPCH,-64622098.240001045
1332,OPEN,-6235003.574268309
1333,OPK,-65912852.530004635
1334,ORA,-35588002.00541563
1335,ORCC,-2706597.6100000017
1336,ORCL,-78206892.64000654
1337,ORI,-67166265.40000227
1338,ORLY,-63621788.71999448
1339,ORXCF,-366274.19000000716
1340,OSB,-2825641.340000002
1341,OSH,-2224118.05
1342,OSK,-76661925.82000268
1343,OSTK,-45613698.520002045
1344,OTEX,-62710890.11999563
1345,OTIS,-2156953.055125718
1346,OUT,-13971911.380819691
1347,OVV,-37955188.43000123
1348,OWL,-2084354.9901483904
1349,OXY,-68811714.05000566
1350,OZK,-51236726.20999742
1351,PAA,-45793302.88997364
1352,PAAS,-65400670.07999155
1353,PACB,-29542214.41002073
1354,PACW,-41032651.760000706
1355,PAG,-60576762.49000549
1356,PAGS,-9206894.627790952
1357,PANW,-16238106.269999769
1358,PARA,-33492894.21992989
1359,PATH,-2784775.043675238
1360,PAX,-2265286.818823123
1361,PAYC,-12628584.563524755
1362,PAYO,-3629299.0710150953
1363,PAYX,-73352911.76999073
1364,PB,-44143984.43999959
1365,PBA,-17028215.401305147
1366,PBCT,-73191910.45999531
1367,PBCTP,-3038790.290000001
1368,PCAR,-71818699.07000256
1369,PCG,-64913300.95999245
1370,PCH,-69822915.59999797
1371,PCOR,-2785838.4498567
1372,PCRX,-24188072.510501847
1373,PCTY,-14780754.144280413
1374,PCVX,-4455520.069250199
1375,PD,-7493828.551656642
1376,PDCO,-67674320.7799944
1377,PDD,-6848438.241441346
1378,PE,-9098576.169999998
1379,PEAK,-64985104.66999978
1380,PECO,-1818367.6371221102
1381,PEG,-63495350.98000263
1382,PEGA,-64984527.61999259
1383,PEN,-10073094.486082835
1384,PENN,-66135112.590001084
1385,PEP,-68255447.25999774
1386,PFE,-69767492.59992751
1387,PFG,-42494679.73000036
1388,PFGC,-11173404.247317476
1389,PFPT,-11423703.869999943
1390,PFSI,-15860216.828022182
1391,PG,-63624101.1199988
1392,PGNY,-5328279.834340028
1393,PGPHF,-494707.590000002
1394,PGR,-67859313.11000541
1395,PH,-70219125.9399982
1396,PHI,-64540566.57016603
1397,PHM,-72069437.56000274
1398,PII,-65963917.08998886
1399,PINC,-14466866.579487262
1400,PING,-2529260.289999998
1401,PINS,-6166708.795832417
1402,PJT,-9624258.991314368
1403,PK,-8318555.161427136
1404,PKCOY,-3202288.993851021
1405,PKG,-45770803.15999941
1406,PKI,-66331274.33000117
1407,PKIUF,-9336338.53877238
1408,PKX,-58693726.79999874
1409,PLAN,-2851539.919999997
1410,PLD,-46540872.82999795
1411,PLMR,-6394075.255317077
1412,PLNT,-10637830.62086282
1413,PLSQF,3045798.0700000143
1414,PLTK,-3084954.8535573757
1415,PLTR,-4106653.5507271467
1416,PLUG,-55293775.72000471
1417,PLXS,-77638908.42999823
1418,PM,-24225909.059135444
1419,PMCUF,4263505.2828164995
1420,PMMAF,-4192558.6689363513
1421,PNC,-69809844.29000868
1422,PNFP,-41485236.65999948
1423,PNM,-69576070.72000004
1424,PNW,-64867768.040002264
1425,PODD,-34720839.87999951
1426,POOL,-56109535.309997745
1427,POR,-28973022.960515596
1428,POST,-17415733.42907984
1429,POWI,-60123699.30000613
1430,PPBI,-61241888.11000576
1431,PPC,-71387588.9999937
1432,PPD,-335997.1600000001
1433,PPG,-65056760.41000899
1434,PPL,-60819978.22012491
1435,PPRQF,-2072499.001746267
1436,PRAH,-6652178.679999991
1437,PRI,-19293423.549999736
1438,PRLB,-20015796.99013123
1439,PRMW,-26872603.060255677
1440,PROK,-2637334.310107247
1441,PRU,-42044855.109998144
1442,PRVA,-3358421.0452554156
1443,PS,-18885704.10999994
1444,PSA,-67492275.11999148
1445,PSB,-47622314.38999866
1446,PSMT,-53392982.87000587
1447,PSN,-4309282.754295345
1448,PSTG,-13063316.591014834
1449,PSX,-16745831.079988975
1450,PTC,-77764373.48999889
1451,PTCT,-21439947.224819362
1452,PTON,-6406513.350028075
1453,PTVE,-3262508.566136221
1454,PVG,-17440759.939999983
1455,PVH,-70802693.11001278
1456,PWR,-55977713.039996326
1457,PWSC,-2857772.401752851
1458,PXD,-55092375.59000314
1459,PYCR,-2393317.0931992414
1460,PYPL,-9091360.658916181
1461,PZZA,-65257070.500000745
1462,QCOM,-72499531.35000265
1463,QDEL,-77797969.08999631
1464,QLYS,-19194280.400005426
1465,QRTEA,-8862131.138709372
1466,QRTEB,-4575757.1114034215
1467,QRVO,-13808162.371829152
1468,QS,-5915246.029620614
1469,QSR,-10108327.398384808
1470,R,-70243977.13000542
1471,RAMP,-75997289.20001034
1472,RARE,-17804689.36528742
1473,RBC,-60093786.950000085
1474,RBLX,-3776090.9939206582
1475,RCI,-55406423.92986936
1476,RCL,-62891360.30000259
1477,RCM,-9041622.889150959
1478,RDFN,-10248306.70350454
1479,RDN,-62627103.30000004
1480,RE,-52809067.67999255
1481,REG,-52714643.26999877
1482,REGI,-17239439.66000002
1483,REGN,-76601105.91000572
1484,RETA,-11356240.730000002
1485,REXR,-10660260.39196747
1486,REXR-PA,-1194949.1100000017
1487,REYN,-2793579.642530578
1488,RF,-64909905.61999802
1489,RGA,-21244617.27999986
1490,RGEN,-80960774.77999991
1491,RGLD,-83264621.31999628
1492,RH,-17334023.11000025
1493,RHI,-67413878.98000985
1494,RHP,-62360282.42999778
1495,RITM,-14895577.510918127
1496,RIVN,-2561195.446438438
1497,RJF,-70296904.30999112
1498,RKLB,-4205564.254013901
1499,RKT,-3996926.4081371925
1500,RL,-53736053.9299993
1501,RLAY,-5296624.8360457085
1502,RLI,-59257442.89000257
1503,RMD,-62470328.320005156
1504,RMYHY,-508510.0137506627
1505,RNG,-17024756.50987025
1506,RNR,-49117234.22999702
1507,RNW,-3942479.7702400642
1508,ROCK,-67876432.25998873
1509,ROG,-66463653.819995806
1510,ROIV,-3845252.725083334
1511,ROK,-68298145.31999351
1512,ROKU,-9479084.671661768
1513,ROL,-65652981.46000701
1514,ROLL,-31589621.950000215
1515,ROP,-66722352.9099875
1516,ROST,-76439311.46001345
1517,RP,-16974502.130000055
1518,RPD,-13442458.924903844
1519,RPM,-72093563.08000086
1520,RPRX,-2856319.187534258
1521,RRC,-82939704.54001029
1522,RRETY,-3167809.5493661063
1523,RRR,-11964255.24006303
1524,RRX,-66023274.68000477
1525,RS,-55923795.7199943
1526,RSG,-52619398.89999917
1527,RSMDF,5339708.100000078
1528,RTOKY,-48414702.78999987
1529,RTX,-66313460.1499923
1530,RUN,581250328.2935846
1531,RUSHA,-42330568.74999951
1532,RUSHB,-59646624.86000239
1533,RVMD,-5815836.759186358
1534,RXDX,-1422547.3199999996
1535,RXN,-11295960.129999917
1536,RXRX,-4039600.589061871
1537,RXT,-4996255.1248215595
1538,RYAN,-1307135.5984063789
1539,RYN,-56389235.900001444
1540,RZA,-7568130.220000053
1541,S,-3332271.541197581
1542,SABR,-14737282.1951234
1543,SAFM,-68775674.00001039
1544,SAGE,-16904725.582508665
1545,SAIA,-45253629.06000095
1546,SAIC,-12904208.697759414
1547,SAIL,-5045520.399999992
1548,SAM,-57865344.57999583
1549,SATS,-29017080.40962557
1550,SBAC,-56715621.460007966
1551,SBNY,-35929249.21000838
1552,SBRA,-50056952.34000038
1553,SBSW,-18933657.059148397
1554,SBUX,-69630480.34999682
1555,SCCO,-57760039.64000052
1556,SCHW,-71701403.62999928
1557,SCI,-69855733.54999998
1558,SCL,-60082193.37000415
1559,SCRYY,-29774487.50978747
1560,SDC,-5756987.870000004
1561,SE,-7396939.619957607
1562,SEB,-32856714.95999671
1563,SEDG,-12951039.030876152
1564,SEE,-67532842.73000278
1565,SEIC,-71218006.68999848
1566,SEM,-26221001.67014674
1567,SF,-62531076.320002735
1568,SFBS,-13518894.827342438
1569,SFIX,-10352042.205529382
1570,SFM,-16882569.189269952
1571,SG,-2627092.4116844283
1572,SGEN,-50621529.82999838
1573,SGFY,-968058.9999999998
1574,SGHC,-3462835.4797162353
1575,SGML,-3640049.6624280387
1576,SGMS,-73871898.03000619
1577,SHAK,-15279505.049853014
1578,SHC,-3546896.048782806
1579,SHEN,-46942476.745159
1580,SHLS,-3896208.508644509
1581,SHLX,-10404694.040000012
1582,SHOP,-11679091.089089112
1583,SHW,-68120459.17999542
1584,SI,-3344547.33
1585,SIGI,-72485654.51000682
1586,SILK,-7557695.569552845
1587,SINA,-45521767.40999808
1588,SIRI,-68801486.54998979
1589,SITE,-8964833.74367224
1590,SIVB,-73732807.98000398
1591,SJI,-57262786.60000058
1592,SJIU,-921867.640000002
1593,SJM,-55862317.570004344
1594,SJR,-43810197.95000022
1595,SKX,-54124294.89000057
1596,SLAB,-54684952.81999437
1597,SLB,-68048275.87000261
1598,SLF,-46144615.11999985
1599,SLG,-47618100.77975825
1600,SLGN,-58169537.53000078
1601,SLM,-67451609.8399968
1602,SLMBP,-29060087.161447354
1603,SLQT,-5994353.9451492
1604,SMAR,-8570458.684855932
1605,SMFG,-30930696.720573504
1606,SMG,-65307254.62999072
1607,SMPL,-8023161.286290595
1608,SMTC,-76922525.77001096
1609,SNA,-66690629.040009394
1610,SNAP,-10293743.660893602
1611,SNCAF,-4613516.740604687
1612,SNOW,-3884063.697659295
1613,SNPS,-70194693.230007
1614,SNV,-68984650.92000164
1615,SNX,-37367117.00999918
1616,SO,-64697088.51000365
1617,SOFI,-3689977.7770786225
1618,SOGO,-3470772.1599999983
1619,SON,-70304241.76000188
1620,SONY,-61998465.23000196
1621,SPB,-80842174.64000192
1622,SPCE,-7457194.594087073
1623,SPG,-53902108.10000012
1624,SPLK,-18909592.50999994
1625,SPOT,-7514898.010000036
1626,SPR,-33315518.940221734
1627,SPSC,-21686731.419999644
1628,SPT,-5291357.63523204
1629,SPWR,-39262149.85498166
1630,SPXC,-72451452.52000275
1631,SQ,-11950494.417144036
1632,SQSP,-3404967.593260481
1633,SR,-60485138.380002566
1634,SRC,-14420557.270000031
1635,SRCL,-59521806.400004156
1636,SRE,-47677393.3694233
1637,SRNE,-28339340.500000097
1638,SRPT,-62071492.15999992
1639,SSB,-48780567.81999918
1640,SSD,-57241351.1100067
1641,SSNC,-21010010.20806772
1642,SSRM,-64874481.27995041
1643,SSTK,-18146412.139843404
1644,ST,-19893797.667408146
1645,STAA,-73466851.55000548
1646,STAG,-17834674.381423548
1647,STAY,-8234619.840000014
1648,STEM,-4937232.218172421
1649,STEP,-3671352.8412580816
1650,STGW,-58569688.90000031
1651,STKAF,500289.6200000062
1652,STL,-40075075.22000044
1653,STLD,-59609481.600005955
1654,STLJF,2517809.769999976
1655,STMP,-49013339.78000218
1656,STN,-32095489.62000025
1657,STNE,-7618983.800534513
1658,STOR,-7375643.380000012
1659,STRA,-56800602.589998
1660,STT,-67450000.10998976
1661,STX,-41752232.28999656
1662,STZ,-67113818.6100063
1663,SU,-66921308.140002
1664,SUI,-50938841.42000128
1665,SUM,-14336139.96027094
1666,SUZ,-13397562.545425521
1667,SWAV,-5873814.180000002
1668,SWCH,-5098453.479999988
1669,SWK,-68159604.93999776
1670,SWKS,-5856667.99948611
1671,SWX,-65921178.329995155
1672,SXT,-65388179.2799985
1673,SYF,-10639945.42631383
1674,SYK,-72516210.4499999
1675,SYM,-2913148.456253127
1676,SYNA,-48252327.810000315
1677,SYNH,-12877538.480000006
1678,SYY,-69092448.0800056
1679,T,-66511178.98078098
1680,TAL,-22014055.37976342
1681,TAP,-73746943.52000621
1682,TCBI,-39722663.66000138
1683,TCBIL,-5281244.249999994
1684,TCBIP,-4958262.890000007
1685,TCN,-1178542.6800719816
1686,TCNNF,-6070629.173891247
1687,TCOM,-41870735.53000124
1688,TD,-51403408.77999748
1689,TDC,-29233350.109514672
1690,TDG,-26527228.22999943
1691,TDOC,-12467825.956185112
1692,TDY,-51166229.41000399
1693,TEAM,-10230568.77334476
1694,TECH,-76571992.72999315
1695,TECK,-37407213.960000575
1696,TEL,-29295389.499999642
1697,TENB,-7266763.815625488
1698,TER,-77147271.08999737
1699,TEVA,-73199772.07999834
1700,TFC,-70752457.79000516
1701,TFII,-26176924.340726215
1702,TFSL,-27498422.47964562
1703,TFX,-65028012.979994655
1704,TGNA,-68950527.40999837
1705,TGT,-67511643.03998888
1706,TGTX,-31154779.360000808
1707,THC,-72623845.63000116
1708,THG,-55817879.809993766
1709,THO,-67231794.23000003
1710,THS,-33097204.95970152
1711,TIF,-64132932.42000751
1712,TINLY,-1069529.6487987218
1713,TJX,-72328930.22999087
1714,TKR,-70767526.11999738
1715,TM,-52472076.78999712
1716,TME,-7004144.240048102
1717,TMHC,-17648602.789411124
1718,TMICY,-50224939.5402712
1719,TMNA,-4051815.567098355
1720,TMO,-65918578.29000144
1721,TMX,-847571.4000000006
1722,TNDM,-20008502.68965545
1723,TNET,-13461055.883434163
1724,TNL,-35331506.16000049
1725,TOL,-76786300.35001104
1726,TOST,-2791361.755927065
1727,TPG,-1073634.2681939707
1728,TPH,-18016997.069957934
1729,TPL,-59943429.989991695
1730,TPR,-45613123.13999927
1731,TPTX,-3203290.7900000005
1732,TPX,-41521667.83999946
1733,TRAUF,2068979.370753732
1734,TREE,-29730831.169675007
1735,TREX,-52589353.05000514
1736,TRGP,-21948914.190000292
1737,TRI,-36202243.88999949
1738,TRIP,-20421059.725465216
1739,TRMB,-78687075.90000013
1740,TRN,-69066488.10000308
1741,TRNO,-20767693.630499743
1742,TROW,-71264687.88000014
1743,TRP,-62540463.59000003
1744,TRTN,-33974218.089999184
1745,TRU,-9289628.249794278
1746,TRUP,-13849134.889440551
1747,TRV,-64535160.359999046
1748,TSCO,-64245386.92000013
1749,TSEM,-64398349.919998005
1750,TSLA,-21337470.500334382
1751,TSM,-55843785.41999795
1752,TSN,-72976498.13999842
1753,TT,3.5709037300821555e+59
1754,TTC,-69243457.10999133
1755,TTD,-9808751.063576903
1756,TTE,-55644684.73000055
1757,TTEC,-63012518.949949026
1758,TTEK,-70340117.81000209
1759,TTWO,-62059113.08998987
1760,TU,-44742359.10013698
1761,TW,-4766431.139946314
1762,TWKS,-2585725.305423894
1763,TWLO,-10680010.426525364
1764,TWOU,-16866305.537990768
1765,TWST,-9104087.720765462
1766,TWTR,-13961541.319999997
1767,TXG,-6437543.820154672
1768,TXN,-73482515.77999812
1769,TXRH,-37789291.42000022
1770,TXT,-66051925.65999816
1771,TYL,-76271307.6100005
1772,U,-3908198.018315771
1773,UA,-13530586.718984483
1774,UAA,-38566945.17995031
1775,UAL,-38813828.959999725
1776,UBER,-5668952.85202665
1777,UBSFY,-11470136.954497077
1778,UBSI,-68312527.76000692
1779,UCBJY,-3474285.5109727043
1780,UDR,-65542741.55003948
1781,UFPI,-67007082.579998836
1782,UGI,-67733870.57018425
1783,UHAL,-63096244.70999518
1784,UHS,-69973152.51999958
1785,UI,-19963230.700696167
1786,ULCC,-2988965.501600827
1787,ULTA,-30717708.009999696
1788,UMBF,-64467638.8499943
1789,UMC,-50179090.02987333
1790,UMPQ,-50489915.309999384
1791,UNF,-64550390.80998975
1792,UNH,-70995021.62999804
1793,UNICY,-15467718.49280835
1794,UNM,-70322310.83999516
1795,UNP,-66475267.560006686
1796,UNPA,2473278.49999994
1797,UNVR,-9136232.269999959
1798,UOLGY,5571804.465025222
1799,UPS,-39939544.11006998
1800,UPWK,-7383926.821975388
1801,URBN,-66706669.969995365
1802,URI,-56850968.23000179
1803,USB,-67723236.99999748
1804,USFD,-8802818.77593738
1805,USM,-68915114.53000143
1806,UTHR,-54099441.06000361
1807,UTZ,-3422864.4869474084
1808,UVRBF,9995146.707617695
1809,UWMC,-4049855.6896577682
1810,V,-23704268.540000495
1811,VAC,-15659663.990483226
1812,VAL,-2409207.6297294577
1813,VAR,-58708507.18999365
1814,VC,-20872277.170694996
1815,VCYT,-20104265.47541964
1816,VEEV,-15580174.30051598
1817,VEON,-60728522.09857403
1818,VERV,-4015773.1248158594
1819,VERX,-5129517.019271045
1820,VETTF,2060940.299999956
1821,VFC,-68852204.38999578
1822,VG,-34720272.289999865
1823,VIAV,-67743082.60000032
1824,VICI,-4433309.261017982
1825,VICR,-76595314.86001144
1826,VIPS,-22172261.319749862
1827,VIR,-7225848.737794869
1828,VIRT,-12455613.999423945
1829,VIV,-54315904.07010118
1830,VLDR,-1877913.1699999974
1831,VLO,-70709452.46000914
1832,VLY,-69014587.9200884
1833,VMC,-62181601.0399969
1834,VMI,-76112104.12999448
1835,VMW,-29033368.230000462
1836,VNET,-24158861.4001258
1837,VNT,-2238591.799995575
1838,VOYA,-14450970.053217782
1839,VRM,-6072131.06516819
1840,VRNS,-17590720.618965566
1841,VRNT,-43391912.75004247
1842,VRSK,-17371468.189009268
1843,VRSN,-57921767.120006755
1844,VRT,-5346046.528909868
1845,VRTX,-74728575.68999133
1846,VSAT,-60720120.23005188
1847,VSCO,-3006884.236968841
1848,VSH,-71964790.32999669
1849,VST,-7196200.900348571
1850,VTR,-56751934.85000333
1851,VTRS,-75463111.6300333
1852,VTSYF,3350815.9915247196
1853,VVNT,-3860809.0599999847
1854,VVV,-6980557.904721714
1855,VZ,-66795272.349708796
1856,W,-15052333.918044303
1857,WAB,-57785518.38000277
1858,WAL,-38494619.919999845
1859,WAT,-57242842.02999697
1860,WB,-17525970.790878423
1861,WBA,-66479187.67020733
1862,WBD,-35181486.449723065
1863,WBS,-70767743.86999238
1864,WCC,-51794975.77999706
1865,WCN,-54493205.840005755
1866,WDAY,-16370091.319999667
1867,WDC,-79922232.87999935
1868,WDFC,-73018668.91000767
1869,WDS,-44627394.18073008
1870,WE,-2009472.9300000025
1871,WEBR,-729258.2400000016
1872,WEC,-62371777.10000362
1873,WELL,-65952376.07000123
1874,WEN,-79447358.68000832
1875,WERN,-74777350.27999124
1876,WEX,-34409737.4200014
1877,WF,-32174297.579643864
1878,WFC,-70236690.60000461
1879,WFG,-1566879.490269736
1880,WH,-5666592.721245096
1881,WHR,-65894687.11999696
1882,WING,-10835997.820000019
1883,WIT,-47167189.45996873
1884,WIX,-15494429.039182205
1885,WK,-13575146.101513324
1886,WKHS,-30230569.062014043
1887,WLK,-39035589.579999655
1888,WLTW,-32541184.899999358
1889,WLY,-64468114.3200018
1890,WLYB,-15494562.719273055
1891,WM,-71343778.16000116
1892,WMB,-68907942.47999704
1893,WMG,-3492755.6541952584
1894,WMGI,-37233271.27999898
1895,WMS,-12180731.367606862
1896,WMT,-68720498.44000538
1897,WNDLF,4527439.339999969
1898,WNS,-35156517.49027106
1899,WOLF,-72860592.06000501
1900,WOOF,-3212098.1364569548
1901,WOR,-71410603.13000476
1902,WORK,-907932.009999999
1903,WPC,-47382895.40063435
1904,WPM,-38301982.9400012
1905,WPX,-13672710.389999991
1906,WRB,-68857362.53999992
1907,WRI,-52754699.55000048
1908,WRK,-9845155.984066725
1909,WSC,-8711282.877562197
1910,WSM,-76137549.36000378
1911,WSO,-63335075.57998985
1912,WSPOF,2987874.167951013
1913,WST,-59218291.88000706
1914,WTFC,-50037667.44000298
1915,WTFCM,-7518927.249610663
1916,WTM,-41515021.88999515
1917,WTRG,-64691801.509999484
1918,WTRU,-752423.4099999957
1919,WTS,-71550648.72001113
1920,WTW,-40070089.609999135
1921,WU,-29839587.939883802
1922,WWD,-59528583.76999735
1923,WWE,-47752860.66000417
1924,WY,-70613634.1300033
1925,WYND,-26669733.18999999
1926,WYNN,-40076923.99000013
1927,X,-68027213.04999752
1928,XEC,-33517824.129999522
1929,XEL,-64255009.9799999
1930,XLNX,-70242509.570005
1931,XLRN,-12934445.960000068
1932,XM,-1509844.219999997
1933,XMTR,-3427334.2689422593
1934,XNCR,-19011943.460430674
1935,XNGSY,-10817417.442178883
1936,XOM,-64114572.360005625
1937,XP,-3561592.531343067
1938,XPEV,-4339829.387112513
1939,XPO,-44566933.29999799
1940,XRAY,-72847211.78024139
1941,XROLF,319563.527360852
1942,XRX,-68805571.60988292
1943,XYL,-16165503.608368432
1944,Y,-39795070.950004525
1945,YARIY,-29681641.470292386
1946,YETI,-6879630.208177677
1947,YEXT,-10203831.001702884
1948,YMM,-3426097.2909632986
1949,YOU,-3066420.1707586
1950,YUM,-52378440.56000285
1951,YY,-19326459.82003973
1952,Z,-13154061.554471895
1953,ZBH,-39918214.58967857
1954,ZBRA,-71181276.8700099
1955,ZD,-57922831.360006616
1956,ZEN,-11920820.980000036
1957,ZG,-23383183.339374214
1958,ZI,-3621229.3956884947
1959,ZIM,-3880446.181492324
1960,ZION,-69651702.85999933
1961,ZIP,-2888407.4516961547
1962,ZLNDY,-6012346.792995253
1963,ZM,-5175469.040557447
1964,ZNGA,-18551884.94999997
1965,ZS,-8118212.696983054
1966,ZTO,-8842759.578701902
1967,ZTS,-12045183.736568557
1968,ZWS,-16803084.2699785
